{"cameraMode":{"drawMode":0,"name":"Shaded","section":"Shading Mode"},"sceneLighting":true,"audioPlay":false,"sceneViewState":{"m_AlwaysRefresh":false,"showFog":true,"showSkybox":true,"showFlares":true,"showImageEffects":true,"showParticleSystems":true,"showVisualEffectGraphs":true,"m_FxEnabled":true},"in2DMode":false,"pivot":{"x":8.392609596252442,"y":-22.292144775390626,"z":49.128326416015628},"rotation":{"x":-0.23763412237167359,"y":-0.05417114496231079,"z":0.013273934833705426,"w":-0.9697562456130981},"size":28.87482261657715,"orthographic":false}